Id,Answer
WI8o3F,"[1, 4, 2, 3]"
Ae7zLm,"[2, 3, 4, 1]"
4QSIII,"[2, 4, 1, 3]"
k7h4gt,"[4, 1, 2, 3]"
ZtTwCx,"[1, 3, 2, 4]"
wlUSPq,"[2, 4, 3, 1]"
p7nwf6,"[1, 2, 4, 3]"
3pSryY,"[1, 2, 3, 4]"
Alriqb,"[4, 1, 2, 3]"
VKm3aD,"[1, 4, 3, 2]"
efbPzU,"[4, 3, 2, 1]"
jJSSVk,"[1, 3, 4, 2]"
BlORaj,"[1, 3, 4, 2]"
Nwxtir,"[2, 3, 4, 1]"
qZNmn0,"[1, 3, 4, 2]"
13IHy1,"[3, 1, 4, 2]"
RkWmtR,"[1, 2, 3, 4]"
bcJwiN,"[2, 3, 1, 4]"
rrspy3,"[3, 4, 1, 2]"
zgpRfv,"[1, 2, 3, 4]"
qkV9uG,"[1, 4, 2, 3]"
DAiE7M,"[2, 3, 4, 1]"
JJL61v,"[2, 4, 1, 3]"
XBy4YM,"[4, 1, 2, 3]"
Q9XTiO,"[2, 4, 3, 1]"
yAwmc0,"[4, 2, 3, 1]"
gjHHbc,"[1, 3, 2, 4]"
6T4ZkA,"[1, 3, 4, 2]"
6WWJtt,"[1, 2, 3, 4]"
h2BeGj,"[3, 4, 2, 1]"
rqzWxL,"[3, 4, 1, 2]"
60xSUz,"[4, 3, 2, 1]"
B39anE,"[3, 4, 1, 2]"
0NQuGQ,"[1, 2, 3, 4]"
wXasLQ,"[3, 2, 4, 1]"
bBjheF,"[3, 4, 2, 1]"
O2oJFY,"[1, 4, 2, 3]"
qkSjok,"[4, 3, 2, 1]"
yUGgq3,"[4, 3, 1, 2]"
jNzIVt,"[2, 1, 3, 4]"
DSP7Xa,"[3, 4, 2, 1]"
doVteE,"[4, 1, 3, 2]"
60Ggwj,"[4, 2, 1, 3]"
YiFZoL,"[4, 2, 3, 1]"
B73gFN,"[3, 2, 1, 4]"
OPEuBo,"[4, 3, 2, 1]"
2Dhhti,"[3, 1, 2, 4]"
J2OzNp,"[4, 2, 3, 1]"
WNlfM8,"[4, 3, 1, 2]"
nlBOeB,"[4, 2, 1, 3]"
tcFm2R,"[1, 2, 3, 4]"
wTnEOc,"[4, 2, 1, 3]"
zjFnbl,"[3, 1, 4, 2]"
15ntwe,"[4, 1, 2, 3]"
l4y7jj,"[1, 2, 3, 4]"
rlNPMl,"[2, 1, 4, 3]"
vB7BLB,"[1, 2, 3, 4]"
NtBt60,"[4, 1, 2, 3]"
E2pFNm,"[2, 3, 4, 1]"
OzmlrQ,"[1, 4, 3, 2]"
BEGQP7,"[1, 2, 3, 4]"
DEYtaq,"[3, 1, 4, 2]"
XRrjsi,"[1, 2, 3, 4]"
A2ihgQ,"[2, 1, 3, 4]"
E6H0jS,"[1, 2, 3, 4]"
TcX8RT,"[3, 1, 2, 4]"
149lUx,"[4, 1, 2, 3]"
nnzGGE,"[1, 2, 3, 4]"
zAWJ1G,"[1, 4, 2, 3]"
cyA948,"[1, 4, 2, 3]"
Xu8yMH,"[1, 2, 3, 4]"
S0aQeA,"[1, 2, 4, 3]"
9Gq8RD,"[1, 2, 3, 4]"
yAWSfv,"[1, 4, 3, 2]"
vYc8go,"[2, 4, 3, 1]"
5yJlPq,"[3, 1, 4, 2]"
0txu1H,"[1, 3, 2, 4]"
AiyCxG,"[4, 1, 2, 3]"
tnDaE6,"[2, 4, 1, 3]"
UvHIVk,"[2, 4, 3, 1]"
XGuH3q,"[1, 3, 2, 4]"
tEjoIA,"[1, 2, 3, 4]"
fdwlot,"[2, 3, 4, 1]"
vN8DEE,"[1, 2, 3, 4]"
XW22EA,"[1, 2, 3, 4]"
azZtps,"[1, 2, 3, 4]"
iCAOJa,"[1, 3, 4, 2]"
SvmYxN,"[2, 3, 1, 4]"
DOlsHX,"[2, 4, 1, 3]"
gPjx97,"[4, 1, 3, 2]"
da2MIM,"[4, 1, 2, 3]"
22ez77,"[1, 2, 3, 4]"
b3CnWj,"[1, 4, 3, 2]"
Sqlc0B,"[1, 2, 3, 4]"
GQ4LEz,"[2, 4, 1, 3]"
8fECuw,"[3, 4, 2, 1]"
NyUTFe,"[3, 1, 2, 4]"
dZW0Kq,"[1, 3, 2, 4]"
AFUvD4,"[3, 4, 1, 2]"
FxIaK3,"[3, 1, 2, 4]"
5BXRWU,"[1, 2, 3, 4]"
75Z57K,"[2, 1, 4, 3]"
IJdmQ6,"[3, 2, 1, 4]"
KUAJzo,"[1, 3, 4, 2]"
m0WLBa,"[1, 4, 2, 3]"
k3FK79,"[4, 1, 2, 3]"
T7pEiG,"[4, 2, 1, 3]"
L7aCs0,"[1, 2, 3, 4]"
VWVBdW,"[2, 3, 1, 4]"
0AezL1,"[2, 3, 1, 4]"
BI9Eky,"[4, 2, 3, 1]"
JwI2O1,"[3, 4, 1, 2]"
9fwwT6,"[4, 2, 3, 1]"
v8OJ1q,"[1, 2, 3, 4]"
xBt8lj,"[3, 1, 2, 4]"
gDm9Ns,"[2, 4, 3, 1]"
enJCzv,"[3, 4, 2, 1]"
eHIceq,"[1, 4, 3, 2]"
qy92Ty,"[2, 3, 4, 1]"
N4ZIyX,"[2, 3, 4, 1]"
QDrFr4,"[1, 3, 4, 2]"
ibH32f,"[2, 1, 3, 4]"
fyfDKg,"[4, 3, 2, 1]"
ryRBAt,"[4, 2, 1, 3]"
NGEcEv,"[2, 3, 1, 4]"
8WEGwa,"[3, 1, 2, 4]"
ngmAzx,"[3, 4, 1, 2]"
lmOtxf,"[4, 2, 3, 1]"
23d8fA,"[3, 2, 4, 1]"
PI0e5U,"[1, 4, 2, 3]"
mVQwC7,"[4, 2, 3, 1]"
RqhQq7,"[4, 1, 2, 3]"
aTrFXQ,"[4, 3, 2, 1]"
ApcgPb,"[4, 2, 3, 1]"
UwdDWd,"[3, 1, 2, 4]"
7x8CQN,"[1, 2, 3, 4]"
3nNvh9,"[1, 2, 3, 4]"
psRQ5g,"[1, 2, 3, 4]"
bJTQKa,"[1, 2, 3, 4]"
a90lEu,"[4, 1, 3, 2]"
Frw3f6,"[4, 2, 3, 1]"
CYVEDi,"[4, 2, 1, 3]"
ZqpKSa,"[3, 4, 1, 2]"
uQE4mF,"[3, 2, 1, 4]"
PKzW8z,"[3, 2, 4, 1]"
yiYiRW,"[4, 2, 3, 1]"
ItaJ4O,"[1, 3, 4, 2]"
f7JwiT,"[3, 2, 4, 1]"
Q2RhE0,"[2, 4, 3, 1]"
S0cFZA,"[1, 4, 2, 3]"
IDP7Oc,"[3, 4, 2, 1]"
Pnb4Ci,"[3, 2, 1, 4]"
C5fiYo,"[2, 1, 3, 4]"
bK9Hfa,"[3, 4, 1, 2]"
G9Rbhf,"[2, 1, 4, 3]"
8xl3eH,"[1, 2, 3, 4]"
ASCWOI,"[2, 3, 4, 1]"
bhC2Jx,"[1, 4, 2, 3]"
RifI6f,"[2, 4, 1, 3]"
6KzA2L,"[2, 4, 1, 3]"
vGBzeo,"[4, 1, 2, 3]"
K6UGYA,"[1, 3, 4, 2]"
HxH6iO,"[1, 3, 2, 4]"
MNpR1e,"[1, 3, 4, 2]"
kMO5fC,"[1, 2, 3, 4]"
tCTz3r,"[3, 1, 4, 2]"
OvWPbR,"[4, 3, 2, 1]"
HFB3rj,"[2, 4, 1, 3]"
1Vk7eD,"[2, 3, 1, 4]"
ipvuxh,"[4, 1, 3, 2]"
WMzdLD,"[1, 4, 3, 2]"
At6xwk,"[4, 3, 2, 1]"
FQjuPo,"[3, 1, 4, 2]"
RZU38v,"[1, 4, 2, 3]"
zIRhAf,"[3, 2, 1, 4]"
nzLplh,"[3, 4, 2, 1]"
3avnfp,"[3, 4, 1, 2]"
9sLkGY,"[1, 2, 3, 4]"
6vIK5i,"[1, 3, 2, 4]"
eWhkQO,"[4, 2, 1, 3]"
2ZfP0k,"[1, 2, 4, 3]"
VK8y9L,"[2, 3, 1, 4]"
HXeI8w,"[2, 4, 3, 1]"
hnI3NX,"[1, 2, 4, 3]"
DM56Di,"[4, 1, 3, 2]"
5IemZK,"[2, 1, 3, 4]"
4K5pV1,"[1, 3, 4, 2]"
cowNGM,"[1, 4, 2, 3]"
10aJKj,"[2, 3, 1, 4]"
pqDB4L,"[1, 2, 3, 4]"
WRFdlJ,"[4, 2, 1, 3]"
AK9RS5,"[1, 2, 4, 3]"
vVpiAn,"[4, 2, 3, 1]"
Sy79Vu,"[3, 4, 2, 1]"
fsVkTT,"[2, 4, 3, 1]"
2IL2RO,"[3, 1, 4, 2]"
S3E8Td,"[4, 3, 2, 1]"
P4wJOy,"[4, 2, 1, 3]"
PvMZw9,"[4, 3, 2, 1]"
5Pu7eF,"[2, 3, 1, 4]"
FLm0OM,"[1, 3, 4, 2]"
VAhS2V,"[2, 4, 3, 1]"
4xk66H,"[2, 4, 1, 3]"
xa8KF5,"[3, 1, 4, 2]"
lPGKJD,"[3, 1, 2, 4]"
VxM3yH,"[4, 1, 3, 2]"
Q8AcuC,"[2, 1, 3, 4]"
PbgyPR,"[3, 4, 1, 2]"
MCI2id,"[3, 2, 1, 4]"
neLENZ,"[2, 1, 4, 3]"
iC5t6Y,"[1, 4, 2, 3]"
0a9FIt,"[1, 2, 3, 4]"
MHsw72,"[3, 4, 2, 1]"
ScGQ3h,"[4, 2, 3, 1]"
1CPRWc,"[4, 3, 2, 1]"
YZuSuG,"[1, 4, 3, 2]"
74rmTZ,"[4, 2, 1, 3]"
9ImWhU,"[4, 3, 2, 1]"
lviqqX,"[1, 4, 3, 2]"
NqLfpK,"[1, 2, 3, 4]"
l52q4w,"[4, 1, 3, 2]"
5gnTuG,"[1, 2, 3, 4]"
HwXvor,"[2, 1, 4, 3]"
XOdJXa,"[1, 3, 4, 2]"
zx0vvI,"[3, 4, 1, 2]"
ko74ge,"[1, 2, 3, 4]"
aCoBDe,"[3, 1, 2, 4]"
A5gFPq,"[1, 2, 3, 4]"
Odqs9J,"[2, 3, 1, 4]"
No4L4n,"[2, 4, 3, 1]"
1Rm6xE,"[2, 4, 1, 3]"
aHcW5I,"[1, 2, 3, 4]"
cvE5D8,"[1, 2, 3, 4]"
g3vDEq,"[3, 4, 2, 1]"
ALfz6z,"[3, 1, 4, 2]"
PmktA8,"[1, 2, 3, 4]"
uZjQQI,"[1, 2, 3, 4]"
5zb7Ro,"[4, 3, 2, 1]"
jgGdOF,"[4, 3, 2, 1]"
8HQUl8,"[1, 4, 2, 3]"
Imn9yG,"[4, 1, 3, 2]"
fZmPUH,"[3, 2, 4, 1]"
yvDfXh,"[2, 1, 3, 4]"
P1zBxy,"[2, 3, 1, 4]"
PsGYvP,"[1, 2, 3, 4]"
tXkDkD,"[1, 3, 2, 4]"
LtR74Q,"[2, 4, 3, 1]"
79TdaG,"[1, 2, 3, 4]"
KuBxop,"[4, 2, 1, 3]"
deMx2l,"[1, 2, 3, 4]"
b3nayk,"[2, 3, 4, 1]"
nJGawl,"[1, 2, 3, 4]"
ldfemM,"[2, 3, 1, 4]"
6fko8F,"[1, 2, 4, 3]"
yRN9JF,"[2, 1, 3, 4]"
kb6PX7,"[2, 3, 4, 1]"
6sLcQZ,"[1, 2, 3, 4]"
uyWtdf,"[4, 2, 1, 3]"
72JETK,"[4, 2, 3, 1]"
KJZBsJ,"[2, 1, 4, 3]"
JoWj7P,"[3, 2, 1, 4]"
hHJkXc,"[3, 2, 1, 4]"
23YSXP,"[4, 1, 2, 3]"
56gtZd,"[2, 1, 3, 4]"
KHpPUv,"[2, 3, 1, 4]"
lqPKEe,"[2, 1, 4, 3]"
tTOg1O,"[3, 4, 2, 1]"
rZZj6G,"[3, 4, 2, 1]"
p9M3En,"[4, 3, 2, 1]"
cieCUR,"[2, 3, 1, 4]"
XN8XTY,"[1, 4, 2, 3]"
ZAc3al,"[2, 4, 1, 3]"
PnykTd,"[3, 1, 2, 4]"
FrNHna,"[3, 2, 1, 4]"
ih9BT7,"[2, 4, 1, 3]"
cqM3RD,"[2, 3, 1, 4]"
k5zwWI,"[3, 1, 2, 4]"
gdVqg4,"[1, 2, 3, 4]"
o0kimD,"[3, 1, 2, 4]"
1ywjl3,"[3, 2, 4, 1]"
YSPJJW,"[2, 4, 1, 3]"
MyfgkI,"[1, 2, 3, 4]"
pJETr3,"[4, 3, 1, 2]"
6ESbXY,"[1, 4, 3, 2]"
yqWbVb,"[1, 2, 3, 4]"
UqBd8m,"[2, 4, 3, 1]"
EIzKAQ,"[1, 2, 3, 4]"
68VVFd,"[2, 4, 3, 1]"
ikamSu,"[1, 2, 3, 4]"
bvzEsD,"[1, 4, 2, 3]"
rBuAQi,"[4, 3, 2, 1]"
2sqUTP,"[1, 2, 3, 4]"
BECRdM,"[3, 1, 2, 4]"
pR1lov,"[2, 4, 1, 3]"
gv6DET,"[3, 2, 4, 1]"
l8zz9E,"[2, 4, 3, 1]"
ZqYgqY,"[3, 1, 4, 2]"
cQOmJj,"[3, 4, 2, 1]"
GtqaBx,"[4, 3, 1, 2]"
7MnPtt,"[2, 1, 3, 4]"
BHuxgS,"[2, 3, 4, 1]"
58pIub,"[1, 2, 4, 3]"
2U6s7V,"[3, 2, 1, 4]"
yx3vew,"[1, 2, 3, 4]"
dlc4bj,"[1, 3, 4, 2]"
mi92Px,"[2, 1, 4, 3]"
CWj5q0,"[4, 2, 3, 1]"
7ozDsy,"[1, 2, 3, 4]"
vbybPn,"[3, 4, 1, 2]"
VKd5q4,"[4, 1, 3, 2]"
Ah72iP,"[1, 3, 2, 4]"
zVUWuP,"[1, 3, 4, 2]"
fLAtjA,"[1, 2, 3, 4]"
oQ3tXb,"[2, 3, 4, 1]"
JnMKGT,"[1, 2, 3, 4]"
TywXp9,"[3, 4, 1, 2]"
Sl4f9t,"[2, 1, 4, 3]"
Q1C4B8,"[1, 2, 3, 4]"
YPBG8e,"[1, 3, 2, 4]"
XqzStG,"[1, 2, 3, 4]"
m2yZRN,"[2, 4, 1, 3]"
CbgVj3,"[1, 2, 3, 4]"
SJjEDc,"[2, 4, 3, 1]"
zftnD9,"[1, 2, 4, 3]"
dfeGHU,"[4, 3, 1, 2]"
YtHlYo,"[3, 2, 1, 4]"
4cxe0W,"[3, 2, 4, 1]"
8L7TfG,"[3, 4, 1, 2]"
fqJInE,"[1, 2, 4, 3]"
b44PjE,"[2, 4, 1, 3]"
dbMIsL,"[3, 1, 4, 2]"
7MeCko,"[3, 2, 1, 4]"
cOknnY,"[1, 2, 3, 4]"
RU4wSG,"[2, 4, 1, 3]"
Z8J8Uk,"[1, 4, 2, 3]"
5cgTgz,"[3, 2, 4, 1]"
nALyDx,"[2, 4, 3, 1]"
RkBgHm,"[1, 2, 3, 4]"
khj1uc,"[1, 3, 2, 4]"
VWdZB7,"[3, 2, 1, 4]"
D3bgXS,"[1, 2, 3, 4]"
tF6VNu,"[4, 3, 2, 1]"
1pCMCL,"[1, 2, 3, 4]"
q9He2q,"[4, 2, 3, 1]"
XFNFS2,"[4, 2, 3, 1]"
YqNLEj,"[1, 2, 3, 4]"
PbTFue,"[4, 1, 2, 3]"
Q5tsaU,"[3, 4, 2, 1]"
7QxQMw,"[2, 3, 4, 1]"
BfquZq,"[4, 2, 3, 1]"
WYKQ6J,"[2, 1, 4, 3]"
9uf8Mn,"[4, 2, 1, 3]"
IcMrqa,"[1, 4, 2, 3]"
0LD87d,"[3, 4, 1, 2]"
nXIQ7U,"[2, 3, 1, 4]"
Xk1RJ7,"[3, 1, 4, 2]"
X9G8Qr,"[3, 1, 2, 4]"
Xd2THk,"[4, 3, 2, 1]"
tsTiss,"[2, 4, 3, 1]"
xhhhpg,"[3, 4, 2, 1]"
QXoo96,"[1, 2, 4, 3]"
8K3UvY,"[2, 3, 4, 1]"
GaMkxc,"[3, 2, 1, 4]"
fTwwl1,"[1, 3, 2, 4]"
jXyZQN,"[4, 2, 1, 3]"
Gk8nrS,"[4, 1, 3, 2]"
g53WWR,"[2, 4, 3, 1]"
ybGJDQ,"[1, 3, 4, 2]"
8luakr,"[1, 4, 2, 3]"
0Xx9Fy,"[1, 4, 2, 3]"
iFBorU,"[3, 2, 4, 1]"
KYUBdM,"[2, 4, 1, 3]"
qzdzUs,"[1, 3, 2, 4]"
8oGcaE,"[4, 2, 1, 3]"
Blr4jF,"[4, 1, 3, 2]"
N9kNUd,"[1, 4, 2, 3]"
Ev7aBz,"[2, 3, 4, 1]"
w4j3St,"[2, 1, 4, 3]"
EmUT27,"[1, 4, 3, 2]"
peQe6S,"[3, 2, 1, 4]"
l89v4Z,"[4, 3, 1, 2]"
wrwRzC,"[1, 4, 3, 2]"
p9sMWs,"[1, 4, 3, 2]"
woCNou,"[4, 2, 3, 1]"
0mXRr8,"[3, 4, 2, 1]"
OgtnmS,"[1, 4, 3, 2]"
BYj7Lq,"[4, 1, 3, 2]"
caEr5P,"[1, 4, 2, 3]"
4L1L0O,"[1, 2, 3, 4]"
mBDCs9,"[2, 4, 1, 3]"
3A7IVR,"[1, 4, 3, 2]"
AajU8e,"[1, 2, 3, 4]"
706QNR,"[1, 2, 3, 4]"
29f8H7,"[1, 3, 4, 2]"
NcX9Gr,"[3, 4, 1, 2]"
HPk5qW,"[1, 4, 2, 3]"
bUrEOo,"[1, 2, 3, 4]"
Ui6d91,"[4, 1, 2, 3]"
pVJTEs,"[4, 3, 2, 1]"
PIcWhY,"[3, 1, 4, 2]"
Xl0Pjo,"[3, 2, 4, 1]"
FOraJM,"[2, 1, 4, 3]"
uAVQ46,"[3, 2, 4, 1]"
TTY0iR,"[1, 4, 3, 2]"
H4LYDN,"[1, 4, 3, 2]"
erLUvZ,"[4, 1, 2, 3]"
6z5bps,"[3, 1, 2, 4]"
tRqDPl,"[1, 2, 3, 4]"
ZxXDAZ,"[2, 3, 1, 4]"
wUBLcm,"[2, 3, 4, 1]"
ZYwidU,"[1, 3, 2, 4]"
wVunKR,"[1, 2, 3, 4]"
RySoAi,"[4, 2, 3, 1]"
B4wiu7,"[1, 2, 4, 3]"
myJ5XO,"[4, 2, 1, 3]"
PdQMSG,"[3, 1, 2, 4]"
jXEr8N,"[1, 3, 4, 2]"
CU8Z16,"[1, 3, 4, 2]"
cQ1lCT,"[3, 1, 2, 4]"
iNpNbi,"[3, 4, 1, 2]"
Qv2g53,"[3, 4, 2, 1]"
eEcInl,"[2, 1, 3, 4]"
mlLUiS,"[2, 1, 3, 4]"
r1tyTm,"[1, 2, 3, 4]"
oExNcD,"[4, 1, 3, 2]"
m88W8L,"[2, 4, 1, 3]"
iNU1mS,"[1, 2, 3, 4]"
bkmCpC,"[3, 1, 2, 4]"
3fnRMI,"[1, 3, 2, 4]"
yngW1f,"[4, 3, 1, 2]"
Kzwalc,"[4, 1, 3, 2]"
kDEAsv,"[1, 3, 4, 2]"
JBEkNK,"[1, 3, 4, 2]"
ZXVWcy,"[1, 2, 3, 4]"
1pDHcT,"[1, 3, 4, 2]"
vMVwsj,"[4, 1, 3, 2]"
hUAYQe,"[2, 4, 3, 1]"
0g2TgT,"[3, 2, 4, 1]"
zrwNy9,"[4, 2, 1, 3]"
UohAA6,"[3, 4, 1, 2]"
0EWLYZ,"[2, 4, 3, 1]"
ZkalEo,"[4, 1, 3, 2]"
6BpwFj,"[2, 3, 1, 4]"
mjbEPe,"[4, 1, 3, 2]"
yHzXd8,"[1, 4, 3, 2]"
YbA8BH,"[3, 1, 4, 2]"
vh0wEB,"[1, 4, 3, 2]"
P6SNfA,"[2, 1, 4, 3]"
UpUOs8,"[1, 2, 4, 3]"
BBx1v7,"[3, 4, 2, 1]"
ru6yda,"[2, 3, 4, 1]"
Ms8caK,"[4, 2, 1, 3]"
Fd8sEG,"[4, 1, 2, 3]"
daYiep,"[1, 2, 4, 3]"
KeIexC,"[4, 1, 2, 3]"
Tm4gK9,"[1, 2, 4, 3]"
bCORF4,"[3, 2, 1, 4]"
L5OyYw,"[2, 4, 3, 1]"
FPHh6p,"[4, 2, 1, 3]"
Kk83WO,"[4, 1, 3, 2]"
x7R19Q,"[1, 3, 4, 2]"
Yyef0s,"[1, 2, 4, 3]"
fUOpAZ,"[3, 1, 2, 4]"
LRHWnG,"[3, 1, 4, 2]"
LcVOMS,"[2, 3, 1, 4]"
aPKUZi,"[2, 1, 3, 4]"
SH7OdP,"[4, 1, 2, 3]"
dDEj1t,"[4, 3, 1, 2]"
mvmfF1,"[2, 1, 3, 4]"
oaT8t2,"[2, 4, 1, 3]"
E9O1Yk,"[3, 2, 4, 1]"
4t2iEX,"[4, 1, 2, 3]"
GhVEs0,"[2, 3, 1, 4]"
wit5As,"[2, 3, 1, 4]"
fvarxN,"[4, 3, 1, 2]"
fufIXJ,"[4, 3, 2, 1]"
uq6kpx,"[3, 1, 4, 2]"
S4QoRB,"[1, 3, 2, 4]"
JTQrLc,"[2, 4, 1, 3]"
nrdu1T,"[3, 2, 4, 1]"
dewTHT,"[4, 3, 1, 2]"
VrYJLb,"[2, 3, 4, 1]"
EW7Wqn,"[1, 2, 4, 3]"
XqmQTD,"[2, 1, 4, 3]"
khtCHL,"[2, 3, 1, 4]"
BUSPpU,"[3, 1, 2, 4]"
CzkRiH,"[2, 4, 3, 1]"
kx54E7,"[1, 4, 3, 2]"
NsfjW8,"[1, 4, 3, 2]"
ngGzJY,"[3, 2, 4, 1]"
gUNQkT,"[4, 1, 2, 3]"
HEFM5M,"[4, 3, 1, 2]"
ow9iUu,"[1, 2, 4, 3]"
xSCukT,"[1, 3, 4, 2]"
ccwsKK,"[1, 4, 2, 3]"
NZmzaT,"[4, 2, 3, 1]"
5RjgQ4,"[3, 1, 2, 4]"
lIHEBo,"[4, 3, 2, 1]"
81vkem,"[4, 3, 2, 1]"
iefIZE,"[1, 4, 3, 2]"
PFqCf8,"[1, 3, 2, 4]"
YydAHn,"[1, 2, 3, 4]"
TTkzP5,"[3, 1, 4, 2]"
QhSZbL,"[1, 2, 3, 4]"
9gq4yp,"[2, 3, 4, 1]"
Z9CdGI,"[2, 4, 3, 1]"
9XMfvj,"[4, 1, 3, 2]"
uFjfbY,"[3, 2, 4, 1]"
8CEiq5,"[1, 2, 4, 3]"
tXatfA,"[2, 3, 4, 1]"
Exr4Z3,"[2, 3, 1, 4]"
UY2Brv,"[4, 1, 3, 2]"
fKG1HH,"[4, 2, 3, 1]"
1inXh8,"[1, 4, 3, 2]"
2eRouT,"[2, 4, 3, 1]"
69W7IW,"[1, 2, 3, 4]"
jQVCL7,"[3, 2, 1, 4]"
efus4c,"[1, 2, 4, 3]"
CfH5bx,"[2, 1, 4, 3]"
urEt6l,"[2, 4, 3, 1]"
U0ti2w,"[1, 4, 3, 2]"
xhTETe,"[3, 4, 1, 2]"
8mSzvL,"[4, 3, 1, 2]"
nMFZe4,"[3, 2, 4, 1]"
6Mk6pT,"[2, 1, 4, 3]"
ynzxgr,"[3, 1, 2, 4]"
vIO9v9,"[4, 1, 3, 2]"
3G4J9K,"[2, 4, 1, 3]"
osF5ZB,"[1, 2, 4, 3]"
4DVbFs,"[2, 1, 3, 4]"
jDAJgI,"[3, 4, 2, 1]"
abzkll,"[2, 3, 1, 4]"
aHQjMQ,"[4, 3, 1, 2]"
cE9O87,"[1, 2, 3, 4]"
b8jnoB,"[1, 4, 2, 3]"
iIlX3c,"[3, 2, 1, 4]"
6eLBkp,"[1, 2, 3, 4]"
xhlDes,"[1, 2, 4, 3]"
wDEGbT,"[2, 3, 4, 1]"
a7rmwJ,"[3, 2, 1, 4]"
RzY1Pc,"[1, 4, 3, 2]"
6XzqrF,"[2, 3, 1, 4]"
br97AP,"[1, 2, 3, 4]"
XAkpwE,"[4, 2, 3, 1]"
qc654c,"[3, 4, 2, 1]"
OCAYKz,"[2, 1, 4, 3]"
bwMwde,"[4, 1, 3, 2]"
5yNY2t,"[1, 2, 3, 4]"
151Vxf,"[3, 1, 4, 2]"
W2xWgZ,"[2, 1, 4, 3]"
ZpREGE,"[2, 4, 1, 3]"
72JtZh,"[1, 4, 3, 2]"
EpfspO,"[2, 4, 1, 3]"
ReMk67,"[4, 3, 1, 2]"
Az79Jo,"[4, 3, 2, 1]"
I9f8FF,"[4, 3, 1, 2]"
bXZ1yM,"[1, 2, 3, 4]"
iaxPKk,"[2, 1, 3, 4]"
N7odo1,"[4, 2, 3, 1]"
Foj4vL,"[2, 1, 4, 3]"
oby2AW,"[3, 4, 1, 2]"
2PrMrz,"[1, 2, 4, 3]"
8ERA5k,"[1, 3, 4, 2]"
Ow7NBO,"[1, 2, 3, 4]"
g1MHrL,"[2, 3, 1, 4]"
c5ctVu,"[4, 3, 2, 1]"
00JsLH,"[1, 3, 4, 2]"
uSHAE4,"[1, 4, 2, 3]"
RICmV0,"[1, 2, 3, 4]"
FM1CAt,"[3, 1, 2, 4]"
lOOMKU,"[4, 3, 2, 1]"
EuUSwZ,"[4, 3, 2, 1]"
IsiDy4,"[2, 3, 1, 4]"
N2WKnU,"[1, 2, 4, 3]"
1jpyBZ,"[3, 2, 1, 4]"
DXGh2V,"[4, 1, 3, 2]"
uYabeZ,"[2, 1, 3, 4]"
HmuCFD,"[3, 2, 4, 1]"
0LR8dO,"[1, 2, 3, 4]"
nKYQFc,"[1, 2, 3, 4]"
6WXknn,"[1, 2, 3, 4]"
NE8nHt,"[1, 2, 3, 4]"
gUaeiS,"[1, 2, 3, 4]"
OlMzd1,"[1, 2, 3, 4]"
avKohC,"[1, 2, 3, 4]"
jg8yLv,"[1, 2, 3, 4]"
aRWmaC,"[1, 2, 3, 4]"
Goim1p,"[1, 2, 3, 4]"
Df2j0A,"[1, 2, 3, 4]"
1cCNJf,"[1, 2, 3, 4]"
3qMOng,"[1, 2, 3, 4]"
iizS4w,"[1, 2, 3, 4]"
MTwgjA,"[1, 2, 3, 4]"
SxtlZb,"[1, 2, 3, 4]"
oSqTf9,"[1, 2, 3, 4]"
v75HyW,"[1, 2, 3, 4]"
nUONEs,"[1, 2, 3, 4]"
UKK9oM,"[1, 2, 3, 4]"
l9D5p0,"[1, 2, 3, 4]"
kTp20a,"[1, 2, 3, 4]"
yr2lQd,"[1, 2, 3, 4]"
hNGMqL,"[1, 2, 3, 4]"
heLRt5,"[1, 2, 3, 4]"
VSuOIe,"[1, 2, 3, 4]"
d8oDrG,"[1, 2, 3, 4]"
SzcuXY,"[1, 2, 3, 4]"
9lYoPJ,"[1, 2, 3, 4]"
31aTHd,"[1, 2, 3, 4]"
Rorh1C,"[1, 2, 3, 4]"
SISpK4,"[1, 2, 3, 4]"
CN5mBD,"[1, 2, 3, 4]"
52wjYU,"[1, 2, 3, 4]"
77isrE,"[1, 2, 3, 4]"
GbglTR,"[1, 2, 4, 3]"
Ggrwtr,"[2, 4, 3, 1]"
8gPxs3,"[4, 3, 2, 1]"
GSVtML,"[2, 1, 3, 4]"
NhnYij,"[1, 2, 4, 3]"
Mic0pR,"[3, 1, 2, 4]"
VeHLjj,"[4, 3, 1, 2]"
Xp57x9,"[4, 1, 2, 3]"
8s7LN7,"[1, 2, 4, 3]"
RInevj,"[3, 2, 1, 4]"
clfnYZ,"[2, 1, 3, 4]"
NS5kAJ,"[2, 4, 1, 3]"
oUBpAh,"[3, 4, 1, 2]"
4y52QI,"[2, 4, 1, 3]"
Kzmhdo,"[2, 1, 4, 3]"
1DpcN5,"[2, 3, 1, 4]"
bhBfxb,"[3, 4, 2, 1]"
3giy4g,"[2, 1, 3, 4]"
Sdgaeb,"[2, 3, 4, 1]"
ntrW0Z,"[1, 3, 2, 4]"
sGGVcz,"[3, 4, 2, 1]"
ZsczAy,"[1, 3, 2, 4]"
c3QwtD,"[1, 4, 3, 2]"
JyfNX8,"[3, 2, 4, 1]"
G70Mzy,"[2, 4, 1, 3]"
beKLXF,"[1, 3, 4, 2]"
CH8Auq,"[1, 3, 4, 2]"
SaJHrc,"[1, 3, 4, 2]"
Z4rmwI,"[2, 3, 4, 1]"
J7bgl2,"[4, 1, 2, 3]"
9UQF4d,"[4, 2, 3, 1]"
PcaB5M,"[3, 1, 2, 4]"
8vtk8F,"[2, 1, 3, 4]"
ncshcV,"[2, 3, 4, 1]"
Pkgep8,"[2, 1, 4, 3]"
m2Iqg1,"[1, 3, 4, 2]"
8bEfGU,"[2, 4, 3, 1]"
4pEcVH,"[3, 1, 2, 4]"
ZFxQBw,"[2, 4, 3, 1]"
eCimUi,"[1, 2, 4, 3]"
QECFyR,"[1, 4, 2, 3]"
a9r5MN,"[3, 2, 1, 4]"
5hHsa0,"[1, 3, 4, 2]"
ucfZqi,"[1, 4, 2, 3]"
Y5LL3o,"[3, 2, 1, 4]"
YIF1fi,"[2, 3, 1, 4]"
x7qL3f,"[1, 4, 3, 2]"
hxs7rI,"[3, 2, 1, 4]"
TwVBpy,"[3, 1, 4, 2]"
djjHEQ,"[2, 1, 4, 3]"
az6KZ3,"[2, 1, 3, 4]"
8Xgs8M,"[3, 4, 1, 2]"
MInwtg,"[4, 3, 2, 1]"
rDphjj,"[2, 1, 3, 4]"
XBzKzH,"[1, 4, 3, 2]"
rjAFC8,"[1, 2, 4, 3]"
Rt6cwg,"[4, 2, 3, 1]"
0vD2mc,"[1, 4, 3, 2]"
kT5Jy8,"[2, 3, 1, 4]"
pZLnKL,"[4, 1, 3, 2]"
7xPdtO,"[2, 1, 4, 3]"
q29A35,"[2, 1, 3, 4]"
lXcuqN,"[2, 3, 4, 1]"
kLcjLe,"[3, 2, 4, 1]"
o9t453,"[3, 1, 2, 4]"
Cc3hqC,"[2, 3, 4, 1]"
646LKK,"[1, 3, 2, 4]"
0bL0uv,"[1, 2, 4, 3]"
y2RAI8,"[2, 3, 4, 1]"
PQ7NPE,"[1, 3, 2, 4]"
P0GsWK,"[4, 2, 1, 3]"
aK2PKW,"[1, 4, 3, 2]"
6ISCUd,"[4, 2, 1, 3]"
23mLli,"[1, 3, 4, 2]"
PHr6EL,"[1, 3, 2, 4]"
5I9GW7,"[3, 4, 1, 2]"
6Tiifw,"[1, 3, 4, 2]"
W8YO3n,"[1, 2, 4, 3]"
gDGoeO,"[1, 3, 2, 4]"
tISnNm,"[1, 4, 3, 2]"
7qvSXt,"[3, 1, 4, 2]"
o1MynS,"[2, 3, 4, 1]"
e02HGe,"[4, 1, 2, 3]"
fu1XH8,"[4, 3, 1, 2]"
kF8VjS,"[3, 2, 1, 4]"
MPEoDF,"[1, 4, 2, 3]"
4v1W9B,"[2, 3, 4, 1]"
9omhEk,"[1, 4, 3, 2]"
a94blB,"[4, 2, 3, 1]"
Mzqkaf,"[4, 2, 3, 1]"
IqltYx,"[4, 1, 2, 3]"
j94TQ6,"[1, 4, 3, 2]"
ZCdMz1,"[4, 1, 2, 3]"
3JujAw,"[2, 4, 1, 3]"
tMfEmp,"[3, 2, 4, 1]"
VhL5Rz,"[1, 3, 4, 2]"
e6vLcO,"[2, 1, 4, 3]"
2dAsEN,"[3, 4, 1, 2]"
qUglnN,"[3, 1, 2, 4]"
5LNZOi,"[4, 1, 3, 2]"
yK3yDt,"[4, 1, 2, 3]"
zMkfAB,"[4, 3, 1, 2]"
HjoUIE,"[1, 3, 2, 4]"
XAGvhn,"[1, 4, 3, 2]"
DwDuC5,"[4, 1, 2, 3]"
4QnQwv,"[1, 4, 3, 2]"
IsYUNr,"[4, 2, 3, 1]"
TcU0s2,"[2, 4, 3, 1]"
NDsdsA,"[2, 3, 4, 1]"
wxicbs,"[2, 3, 4, 1]"
HApt0a,"[2, 1, 3, 4]"
eJGOuK,"[1, 3, 4, 2]"
Mybjsr,"[1, 3, 4, 2]"
cQjcp6,"[3, 2, 1, 4]"
qWFU9V,"[3, 4, 2, 1]"
lbgewI,"[2, 4, 3, 1]"
FQElBr,"[4, 1, 3, 2]"
iPHmMY,"[1, 3, 2, 4]"
mKZl7m,"[1, 2, 4, 3]"
J7bCpm,"[1, 3, 4, 2]"
F7Ddd7,"[1, 3, 2, 4]"
M5fwwg,"[2, 3, 4, 1]"
wK1e9B,"[4, 3, 1, 2]"
jtVqZO,"[4, 1, 2, 3]"
0xGuYd,"[3, 2, 4, 1]"
JiRqol,"[2, 3, 1, 4]"
c0OZPu,"[4, 1, 3, 2]"
9XBCVh,"[4, 1, 2, 3]"
XHXSAX,"[1, 3, 2, 4]"
x7RoJh,"[2, 1, 3, 4]"
RagSVy,"[4, 2, 3, 1]"
BcgNjo,"[1, 3, 4, 2]"
rqxynb,"[2, 4, 1, 3]"
DlWpxE,"[4, 3, 1, 2]"
wyEJ3l,"[4, 3, 2, 1]"
iGVLqN,"[3, 1, 2, 4]"
2vsfof,"[2, 4, 3, 1]"
lKGJMB,"[2, 4, 1, 3]"
ZPRAi4,"[4, 1, 2, 3]"
2G6Bmh,"[2, 4, 1, 3]"
5f094h,"[2, 1, 3, 4]"
ZTgRce,"[1, 3, 4, 2]"
dUGoOh,"[3, 4, 1, 2]"
TOy372,"[4, 3, 2, 1]"
65OzKl,"[2, 1, 4, 3]"
doCtX6,"[3, 1, 2, 4]"
yb9NII,"[2, 4, 3, 1]"
7FtMFJ,"[3, 4, 1, 2]"
mdj5kv,"[4, 3, 2, 1]"
txrN4v,"[1, 3, 4, 2]"
AN8ldb,"[2, 3, 1, 4]"
UlKPQr,"[1, 4, 3, 2]"
XABcP9,"[3, 1, 4, 2]"
doGmil,"[1, 4, 2, 3]"
tIc3rf,"[2, 4, 3, 1]"
2slNZB,"[1, 3, 2, 4]"
MkVe8k,"[4, 1, 3, 2]"
NZGVcy,"[4, 3, 2, 1]"
ZkZcuL,"[4, 1, 3, 2]"
MHmoRZ,"[4, 1, 2, 3]"
KC7B9O,"[4, 3, 2, 1]"
CzAQDw,"[4, 1, 3, 2]"
wpWgJC,"[2, 4, 3, 1]"
2zWKa6,"[2, 4, 3, 1]"
w4dbOW,"[2, 3, 1, 4]"
0jl7nO,"[3, 1, 4, 2]"
H1phIU,"[1, 4, 2, 3]"
XaZUZY,"[2, 3, 4, 1]"
hzsUv1,"[4, 1, 2, 3]"
qFlgOt,"[1, 3, 4, 2]"
NkMj3t,"[2, 3, 1, 4]"
zsJWpm,"[3, 4, 1, 2]"
dGdcFe,"[2, 1, 3, 4]"
c71Uch,"[3, 2, 4, 1]"
siZhmn,"[2, 1, 3, 4]"
Ru3FNg,"[2, 3, 4, 1]"
G6n01m,"[4, 2, 3, 1]"
VuyL8j,"[3, 2, 4, 1]"
AvyNTq,"[3, 2, 1, 4]"
4x7Mg9,"[1, 3, 4, 2]"
ztfQoL,"[2, 3, 1, 4]"
4A0AxZ,"[3, 2, 4, 1]"
L6emIA,"[3, 2, 4, 1]"
F7EYOI,"[1, 4, 3, 2]"
4x8keY,"[2, 4, 1, 3]"
y2IdZO,"[4, 2, 3, 1]"
zPNSKW,"[2, 1, 3, 4]"
GDFjPd,"[4, 3, 2, 1]"
jtj3Qi,"[1, 4, 2, 3]"
XZvneY,"[3, 1, 4, 2]"
Ye9eU3,"[3, 2, 4, 1]"
ET4chI,"[2, 1, 4, 3]"
qW4SUI,"[3, 4, 2, 1]"
SokI50,"[4, 1, 2, 3]"
r7FeVn,"[4, 2, 3, 1]"
AfIbLd,"[1, 2, 4, 3]"
Fc0O5i,"[1, 3, 4, 2]"
yg5f5w,"[4, 1, 2, 3]"
6SwU8l,"[1, 3, 2, 4]"
zKUwmQ,"[4, 3, 2, 1]"
4sPoSq,"[4, 1, 2, 3]"
xc5dI6,"[4, 2, 1, 3]"
Eprltc,"[3, 4, 1, 2]"
ksEdcp,"[1, 4, 2, 3]"
cMVR1R,"[2, 4, 3, 1]"
Gn9vtD,"[4, 1, 2, 3]"
